Accession,Length,Geo_Location,Country,Host,Collection_Date
OM066736,10767,Ghana: Daboya,Ghana,Homo sapiens,2021-11-04
OM066737,10825,Ghana: Damongo,Ghana,Homo sapiens,2021-11-04
OM066735,10478,Ghana: Damongo,Ghana,Homo sapiens,2021-10-26
MZ712135,10172,Brazil,Brazil,Alouatta guariba clamitans,2021-03-08
MZ712127,10172,Brazil,Brazil,Alouatta guariba clamitans,2021-03-04
MZ712138,10172,Brazil,Brazil,Alouatta guariba clamitans,2021-03-03
MZ712137,10172,Brazil,Brazil,Alouatta guariba clamitans,2021-02-26
MZ712133,10172,Brazil,Brazil,Alouatta guariba clamitans,2021-02-25
MZ712134,10172,Brazil,Brazil,Alouatta guariba clamitans,2021-02-25
MZ712132,10172,Brazil,Brazil,Alouatta guariba clamitans,2021-02-24
MZ712149,10172,Brazil,Brazil,Alouatta guariba clamitans,2021-02-24
MZ712128,10172,Brazil,Brazil,Alouatta guariba clamitans,2021-02-22
MZ712129,10172,Brazil,Brazil,Alouatta guariba clamitans,2021-02-22
MZ712130,9473,Brazil,Brazil,Alouatta guariba clamitans,2021-02-22
MZ712147,10172,Brazil,Brazil,Alouatta guariba clamitans,2021-02-22
MZ712148,10172,Brazil,Brazil,Alouatta guariba clamitans,2021-02-22
MZ712139,10172,Brazil,Brazil,Alouatta guariba clamitans,2021-02-20
MZ712131,10172,Brazil,Brazil,Alouatta guariba clamitans,2021-02-19
MZ712145,10172,Brazil,Brazil,Alouatta guariba clamitans,2021-02-19
MZ712146,10172,Brazil,Brazil,Alouatta guariba clamitans,2021-02-19
MZ712144,10172,Brazil,Brazil,Alouatta guariba clamitans,2021-02-11
MZ712136,10172,Brazil,Brazil,Alouatta guariba clamitans,2021-02-08
MZ712143,10172,Brazil,Brazil,Alouatta guariba clamitans,2021-02-08
MZ712141,10172,Brazil,Brazil,Alouatta guariba clamitans,2021-02-03
MZ712142,10172,Brazil,Brazil,Alouatta guariba clamitans,2021-02-03
MZ712140,10164,Brazil,Brazil,Alouatta guariba clamitans,2021-01-25
MT505351,11519,USA,USA,,2020-05-19
MT505352,11519,USA,USA,,2020-05-19
MZ595182,10643,Senegal,Senegal,Culicidae,2020
MZ595183,10619,Senegal,Senegal,Culicidae,2020
MZ595184,10535,Senegal,Senegal,Culicidae,2020
MZ595185,10603,Senegal,Senegal,Culicidae,2020
MZ595186,10650,Senegal,Senegal,Culicidae,2020
MZ595187,10596,Senegal,Senegal,Culicidae,2020
MZ595188,10637,Senegal,Senegal,Culicidae,2020
MZ595189,10657,Senegal,Senegal,Culicidae,2020
MZ595190,10637,Senegal,Senegal,Culicidae,2020
MZ595191,10637,Senegal,Senegal,Culicidae,2020
MZ595192,10601,Senegal,Senegal,Culicidae,2020
MZ595193,10651,Senegal,Senegal,Culicidae,2020
MZ595194,10598,Senegal,Senegal,Culicidae,2020
MZ595195,10652,Senegal,Senegal,Culicidae,2020
MZ595196,10598,Senegal,Senegal,Culicidae,2020
MZ595197,10643,Senegal,Senegal,Culicidae,2020
MZ595198,10530,Senegal,Senegal,Culicidae,2020
MZ595199,10605,Senegal,Senegal,Culicidae,2020
MZ595203,10519,Senegal,Senegal,Homo sapiens,2020
MZ595204,10516,Senegal,Senegal,Homo sapiens,2020
MN737509,10862,Brazil,Brazil,,2019-11-21
MW249074,10715,France,France,Homo sapiens,2019-02-07
MW249075,10715,France,France,Homo sapiens,2019-02-07
MW249076,10715,France,France,Homo sapiens,2019-02-07
MW249077,10717,France,France,Homo sapiens,2019-02-07
MW249078,10727,France,France,Homo sapiens,2019-02-07
MW249079,10715,France,France,Homo sapiens,2019-02-07
MW249080,10862,France,France,Homo sapiens,2019-02-07
MW249081,10714,France,France,Homo sapiens,2019-02-07
MW249082,10714,France,France,Homo sapiens,2019-02-07
MW249083,10715,France,France,Homo sapiens,2019-02-07
MW249084,10715,France,France,Homo sapiens,2019-02-07
MW249085,10714,France,France,Homo sapiens,2019-02-07
MW249086,10715,France,France,Homo sapiens,2019-02-07
MW249087,10727,France,France,Homo sapiens,2019-02-07
MW249088,10715,France,France,Homo sapiens,2019-02-07
MW249089,10714,France,France,Homo sapiens,2019-02-07
MW249090,10714,France,France,Homo sapiens,2019-02-07
MW249091,10714,France,France,Homo sapiens,2019-02-07
MW249092,10715,France,France,Homo sapiens,2019-02-07
MW249093,10716,France,France,Homo sapiens,2019-02-07
MW249094,10715,France,France,Homo sapiens,2019-02-07
MW249095,10715,France,France,Homo sapiens,2019-02-07
MN708488,10862,France,France,,2019-02-07
MN708489,10862,Belgium,Belgium,,2019-02-07
MN708490,10862,Belgium,Belgium,,2019-02-07
MN708491,10862,Belgium,Belgium,,2019-02-07
MN708492,10862,Belgium,Belgium,,2019-02-07
MN708493,10862,Belgium,Belgium,,2019-02-07
MN708494,10862,Belgium,Belgium,,2019-02-07
MN708495,10862,Belgium,Belgium,,2019-02-07
MN708496,10862,Belgium,Belgium,,2019-02-07
MN708497,10862,Belgium,Belgium,,2019-02-07
MW308135,10963,"Brazil: Sao Paulo, Iporanga",Brazil,Homo sapiens,2019-01-20
MK533792,11007,Brazil: Casimiro de Abreu-RJ,Brazil,Alouatta guariba clamitans,2019-01-10
MZ604838,10261,Brazil,Brazil,Homo sapiens,2019
MZ604839,10258,Brazil,Brazil,Homo sapiens,2019
MZ604841,10282,Brazil,Brazil,Homo sapiens,2019
MZ604843,10081,Brazil,Brazil,Homo sapiens,2019
MZ604844,10279,Brazil,Brazil,Homo sapiens,2019
MZ604846,10881,Brazil,Brazil,Homo sapiens,2019
MZ604847,10277,Brazil,Brazil,Homo sapiens,2019
MZ604848,10838,Brazil,Brazil,Homo sapiens,2019
MZ604849,10010,Brazil,Brazil,Homo sapiens,2019
MZ604850,10282,Brazil,Brazil,Homo sapiens,2019
MZ604851,10276,Brazil,Brazil,Homo sapiens,2019
MZ604852,10282,Brazil,Brazil,Homo sapiens,2019
MZ604853,10866,Brazil,Brazil,Homo sapiens,2019
MZ604854,10866,Brazil,Brazil,Homo sapiens,2019
MZ604855,10205,Brazil,Brazil,Homo sapiens,2019
MZ604857,10850,Brazil,Brazil,Homo sapiens,2019
MZ604858,10858,Brazil,Brazil,Homo sapiens,2019
MZ604860,10272,Brazil,Brazil,Homo sapiens,2019
MZ604863,10287,Brazil,Brazil,Homo sapiens,2019
MZ604864,10849,Brazil,Brazil,Homo sapiens,2019
MZ604867,10854,Brazil,Brazil,Homo sapiens,2019
MZ604869,10279,Brazil,Brazil,Homo sapiens,2019
MZ604871,10864,Brazil,Brazil,Homo sapiens,2019
MZ604874,10283,Brazil,Brazil,Homo sapiens,2019
MZ604875,10279,Brazil,Brazil,Homo sapiens,2019
MK292067,10770,Netherlands,Netherlands,Homo sapiens,2018-11-19
MK457703,7419,Nigeria,Nigeria,Homo sapiens,2018-10-31
MW308134,10955,"Brazil: Sao Paulo, Cunha",Brazil,Homo sapiens,2018-10-26
MK457701,10684,Nigeria,Nigeria,Homo sapiens,2018-10-22
MK457700,10493,Nigeria,Nigeria,Homo sapiens,2018-10-14
MK882600,10169,"Brazil: Silva Jardim, Rio de Janeiro",Brazil,Homo sapiens,2018-04-24
MK882603,10169,"Brazil: Silva Jardim, Rio de Janeiro",Brazil,Homo sapiens,2018-04-24
MK583181,10943,"Brazil: Sao Paulo, Sao Lourenco da Serra",Brazil,Homo sapiens,2018-03-27
MK583180,10946,"Brazil: Sao Paulo, Guarulhos",Brazil,Homo sapiens,2018-03-14
MK583182,10944,"Brazil: Sao Paulo, Guarulhos",Brazil,Homo sapiens,2018-03-14
MK583179,10986,"Brazil: Sao Paulo, Ibiuna",Brazil,Homo sapiens,2018-03-11
MK583178,10945,"Brazil: Sao Paulo, Itariri",Brazil,Homo sapiens,2018-03-10
MK583177,10953,"Brazil: Sao Paulo, Guarulhos",Brazil,Homo sapiens,2018-03-04
MK583175,10946,"Brazil: Sao Paulo, Itaquaquecetuba",Brazil,Homo sapiens,2018-02-27
MK583176,10945,"Brazil: Sao Paulo, Piedade",Brazil,Homo sapiens,2018-02-27
MN643083,10682,Brazil: Teresopolis-RJ,Brazil,Homo sapiens,2018-02-25
MN643084,11007,Brazil: Teresopolis-RJ,Brazil,Homo sapiens,2018-02-25
MK583174,10980,"Brazil: Sao Paulo, Aruja",Brazil,Homo sapiens,2018-02-24
MK583173,10991,"Brazil: Sao Paulo, Guarulhos",Brazil,Homo sapiens,2018-02-23
MN643081,11007,Brazil: Teresopolis-RJ,Brazil,Homo sapiens,2018-02-19
MK583172,10996,"Brazil: Sao Paulo, Guarulhos",Brazil,Homo sapiens,2018-02-19
MK583169,10944,"Brazil: Sao Paulo, Guarulhos",Brazil,Homo sapiens,2018-02-18
MK583170,11011,"Brazil: Sao Paulo, Guarulhos",Brazil,Homo sapiens,2018-02-18
MK583171,10973,"Brazil: Sao Paulo, Guarulhos",Brazil,Homo sapiens,2018-02-18
MN643080,11007,Brazil: Teresopolis-RJ,Brazil,Homo sapiens,2018-02-17
MN643082,11007,Brazil: Teresopolis-RJ,Brazil,Homo sapiens,2018-02-16
MN643086,11007,Brazil: Angra dos Reis-RJ,Brazil,Homo sapiens,2018-02-14
MN643087,11007,Brazil: Ilha Grande-RJ,Brazil,Homo sapiens,2018-02-13
MN643085,10689,Brazil: Ilha Grande-RJ,Brazil,Homo sapiens,2018-02-11
MK583167,10947,"Brazil: Sao Paulo, Guarulhos",Brazil,Homo sapiens,2018-02-11
MK583168,10993,"Brazil: Sao Paulo, Sao Paulo",Brazil,Homo sapiens,2018-02-11
MN643091,11007,Brazil: Ilha Grande-RJ,Brazil,Alouatta guariba,2018-02-07
MN643092,11007,Brazil: Ilha Grande-RJ,Brazil,Alouatta guariba,2018-02-07
MK333805,10354,Brazil: Ilha Grande - RJ,Brazil,Sabethes chloropterus,2018-02-07
MK583166,10946,"Brazil: Sao Paulo, Sao Paulo",Brazil,Homo sapiens,2018-02-06
MK882620,10169,"Brazil: Rio de Janeiro, Rio de Janeiro",Brazil,Homo sapiens,2018-02-05
MK882621,10169,"Brazil: Angra dos Reis, Rio de Janeiro",Brazil,Homo sapiens,2018-02-05
MN643090,11007,Brazil: Ilha Grande-RJ,Brazil,Alouatta guariba,2018-02-04
MK583165,10986,"Brazil: Sao Paulo, Mairipora",Brazil,Homo sapiens,2018-02-04
MK583164,10999,"Brazil: Sao Paulo, Cotia",Brazil,Homo sapiens,2018-02-03
MK583163,10944,"Brazil: Sao Paulo, Sao Paulo",Brazil,Homo sapiens,2018-02-02
MH193175,10169,"Brazil: Sao Paulo, Sao Paulo Zoologico",Brazil,Alouatta sp.,2018-02-01
MK583162,10999,"Brazil: Sao Paulo, Sao Paulo",Brazil,Homo sapiens,2018-01-31
MK583160,10968,"Brazil: Sao Paulo, Cotia",Brazil,Homo sapiens,2018-01-29
MK333808,11007,Brazil: Belmiro Braga - MG,Brazil,Haemagogus janthinomys,2018-01-29
MH329655,10169,Brazil,Brazil,Aedes albopictus,2018-01-29
MK333806,11007,Brazil: Juiz de Fora - MG,Brazil,Haemagogus janthinomys,2018-01-27
MN643079,11007,Brazil: Teresopolis-RJ,Brazil,Homo sapiens,2018-01-26
MN506289,11007,Brazil: Valenca-RJ,Brazil,,2018-01-26
MN506291,11007,Brazil: Valenca-RJ,Brazil,,2018-01-26
MN643078,11007,Brazil: Teresopolis-RJ,Brazil,Homo sapiens,2018-01-25
MK882619,10169,"Brazil: Duas Barras, Rio de Janeiro",Brazil,Homo sapiens,2018-01-25
MN506284,11007,Brazil: Valenca-RJ,Brazil,,2018-01-24
MN506285,11007,Brazil: Valenca-RJ,Brazil,,2018-01-24
MN506286,11007,Brazil: Valenca-RJ,Brazil,,2018-01-24
MN506287,11007,Brazil: Valenca-RJ,Brazil,,2018-01-24
MN506288,11007,Brazil: Valenca-RJ,Brazil,,2018-01-24
MK583159,10998,"Brazil: Sao Paulo, Atibaia",Brazil,Homo sapiens,2018-01-24
MK583161,10945,"Brazil: Sao Paulo, Itaquaquecetuba",Brazil,Homo sapiens,2018-01-24
MK583156,10941,"Brazil: Sao Paulo, Atibaia",Brazil,Homo sapiens,2018-01-23
MK583157,10949,"Brazil: Sao Paulo, Guarulhos",Brazil,Homo sapiens,2018-01-23
MK583158,10995,"Brazil: Sao Paulo, Mairipora",Brazil,Homo sapiens,2018-01-23
MK583155,10992,"Brazil: Sao Paulo, Mairipora",Brazil,Homo sapiens,2018-01-22
MK882618,10169,"Brazil: Valenca, Rio de Janeiro",Brazil,Homo sapiens,2018-01-22
MK583154,10993,"Brazil: Sao Paulo, Sao Paulo",Brazil,Homo sapiens,2018-01-21
MK583153,10995,"Brazil: Sao Paulo, Mairipora",Brazil,Homo sapiens,2018-01-20
MK760665,10786,Netherlands,Netherlands,Homo sapiens,2018-01-19
MK333809,11007,Brazil: Valenca - RJ,Brazil,Haemagogus janthinomys,2018-01-19
MN506290,11007,Brazil: Valenca-RJ,Brazil,,2018-01-18
MK333807,11007,Brazil: Belmiro Braga - MG,Brazil,Haemagogus leucocelaenus,2018-01-18
MN643077,11007,Brazil: Teresopolis-RJ,Brazil,Homo sapiens,2018-01-16
MK583149,10999,"Brazil: Sao Paulo, Sao Paulo",Brazil,Homo sapiens,2018-01-16
MK583150,10991,"Brazil: Sao Paulo, Itaquaquecetuba",Brazil,Homo sapiens,2018-01-15
MK583151,10953,"Brazil: Sao Paulo, Mairipora",Brazil,Homo sapiens,2018-01-15
MK760664,10835,Netherlands,Netherlands,Homo sapiens,2018-01-14
MK583148,10975,"Brazil: Sao Paulo, Mairipora",Brazil,Homo sapiens,2018-01-13
MK760663,10856,Netherlands,Netherlands,Homo sapiens,2018-01-13
MK583147,10946,"Brazil: Sao Paulo, Mairipora",Brazil,Homo sapiens,2018-01-12
MK760662,10884,Netherlands,Netherlands,Homo sapiens,2018-01-12
MK760666,10924,Netherlands,Netherlands,Homo sapiens,2018-01-12
MK760660,10869,Netherlands,Netherlands,Homo sapiens,2018-01-11
MK760661,10850,Netherlands,Netherlands,Homo sapiens,2018-01-11
MN506266,11007,Brazil: Nova Iguacu-RJ,Brazil,,2018-01-09
MH193173,10169,"Brazil: Sao Paulo, Guarulhos",Brazil,Alouatta sp.,2018-01-09
MH193174,10169,"Brazil: Sao Paulo, Mairipora",Brazil,Homo sapiens,2018-01-09
MK333798,11007,Brazil: Sao Paulo - SP,Brazil,Homo sapiens,2018-01-08
MK333799,11007,Brazil: Sao Paulo - SP,Brazil,Homo sapiens,2018-01-08
MK249066,10164,Brazil,Brazil,Primates,2018-01
MZ604840,10276,Brazil,Brazil,Homo sapiens,2018
MZ604842,10288,Brazil,Brazil,Homo sapiens,2018
MZ604845,10289,Brazil,Brazil,Homo sapiens,2018
MZ604856,10504,Brazil,Brazil,Homo sapiens,2018
MZ604859,10279,Brazil,Brazil,Homo sapiens,2018
MZ604861,10283,Brazil,Brazil,Homo sapiens,2018
MZ604862,10335,Brazil,Brazil,Homo sapiens,2018
MZ604865,10836,Brazil,Brazil,Homo sapiens,2018
MZ604866,10836,Brazil,Brazil,Homo sapiens,2018
MZ604868,10377,Brazil,Brazil,Homo sapiens,2018
MZ604870,10274,Brazil,Brazil,Homo sapiens,2018
MZ604872,9813,Brazil,Brazil,Homo sapiens,2018
MZ604873,10185,Brazil,Brazil,Homo sapiens,2018
MZ604876,10306,Brazil,Brazil,Homo sapiens,2018
MN958078,10611,Nigeria,Nigeria,Homo sapiens,2018
MN506265,11007,Brazil: Teresopolis-RJ,Brazil,,2017-12-19
MK882617,10169,"Brazil: Nova Iguacu, Rio de Janeiro",Brazil,Homo sapiens,2017-11-28
MH030079,10169,"Brazil: Sao Paulo, Nazare Paulista",Brazil,Alouatta sp.,2017-11
MH030080,10169,"Brazil: Sao Paulo, Nazare Paulista",Brazil,Alouatta sp.,2017-11
MH030081,10169,"Brazil: Sao Paulo, Campo Limpo",Brazil,Alouatta sp.,2017-11
MH030082,10169,"Brazil: Sao Paulo, Campo Limpo",Brazil,Alouatta sp.,2017-11
MH030083,10169,"Brazil: Sao Paulo, Campo Limpo",Brazil,Alouatta sp.,2017-11
MH030084,10169,"Brazil: Sao Paulo, Piracaia",Brazil,Alouatta sp.,2017-11
MH030085,10169,"Brazil: Sao Paulo, Piracaia",Brazil,Alouatta sp.,2017-11
MH030086,10169,"Brazil: Sao Paulo, Piracaia",Brazil,Alouatta sp.,2017-11
MN643089,11007,Brazil: Miguel Pereira-RJ,Brazil,Alouatta guariba,2017-10-19
MH030070,10169,"Brazil: Sao Paulo, Campo Limpo Paulista",Brazil,Alouatta sp.,2017-10-19
MH030071,10169,"Brazil: Sao Paulo, Campo Limpo Paulista",Brazil,Alouatta sp.,2017-10-18
MH030073,10169,"Brazil: Sao Paulo, Mairipora",Brazil,Alouatta sp.,2017-10-18
MH030074,10169,"Brazil: Sao Paulo, Jarinu",Brazil,Alouatta sp.,2017-10-18
MH030063,10169,"Brazil: Sao Paulo, Itatiba",Brazil,Alouatta sp.,2017-10
MH030064,10169,"Brazil: Sao Paulo, Jundiai",Brazil,Alouatta sp.,2017-10
MH030065,10169,"Brazil: Sao Paulo, Jundiai",Brazil,Alouatta sp.,2017-10
MH030066,10169,"Brazil: Sao Paulo, Jundiai",Brazil,Alouatta sp.,2017-10
MH030067,10169,"Brazil: Sao Paulo, Jundiai",Brazil,Alouatta sp.,2017-10
MH030068,10169,"Brazil: Sao Paulo, Jundiai",Brazil,Alouatta sp.,2017-10
MH030069,10169,"Brazil: Sao Paulo, SaoPaulo",Brazil,,2017-10
MH030072,10169,"Brazil: Sao Paulo, Jarinu",Brazil,Alouatta sp.,2017-10
MH030075,10169,"Brazil: Sao Paulo, Jarinu",Brazil,Alouatta sp.,2017-10
MH030076,10169,"Brazil: Sao Paulo, Jarinu",Brazil,Alouatta sp.,2017-10
MH030077,10169,"Brazil: Sao Paulo, Jarinu",Brazil,Alouatta sp.,2017-10
MH030078,10169,"Brazil: Sao Paulo, Morungaba",Brazil,Alouatta sp.,2017-10
MH030057,10169,"Brazil: Sao Paulo, Braganca Paulista",Brazil,Alouatta sp.,2017-09-27
MH030060,10169,"Brazil: Sao Paulo, Itatiba",Brazil,Alouatta sp.,2017-09-27
MH030058,10169,"Brazil: Sao Paulo, Itatiba",Brazil,Alouatta sp.,2017-09-26
MH030059,10169,"Brazil: Sao Paulo, Itatiba",Brazil,Alouatta sp.,2017-09-21
MH030061,10169,"Brazil: Sao Paulo, Itatiba",Brazil,Alouatta sp.,2017-09-21
MH030062,10169,"Brazil: Sao Paulo, Itatiba",Brazil,Alouatta sp.,2017-09-19
MH030054,10169,"Brazil: Sao Paulo, Jundiai",Brazil,Alouatta sp.,2017-09-15
MH030056,10169,"Brazil: Sao Paulo, Jundiai",Brazil,Alouatta sp.,2017-09-12
MH030055,10169,"Brazil: Sao Paulo, Jundiai",Brazil,Alouatta sp.,2017-09-11
MH030051,10169,"Brazil: Sao Paulo, Louveira",Brazil,Alouatta sp.,2017-09
MH030052,10169,"Brazil: Sao Paulo, Louveira",Brazil,Alouatta sp.,2017-09
MH030053,10169,"Brazil: Sao Paulo, Itatiba",Brazil,Alouatta sp.,2017-08-30
MH030049,10169,"Brazil: Sao Paulo, Vinhedo",Brazil,Callithrix sp.,2017-08-17
MH030050,10169,"Brazil: Sao Paulo, Louveira",Brazil,Callicebus sp.,2017-08-16
MF538786,11007,Brazil: Guapimirim - RJ,Brazil,marmosets,2017-06-05
MF289572,10839,Singapore,Singapore,,2017-06
MH030091,10169,"Brazil: Sao Paulo, Campinas",Brazil,Homo sapiens,2017-05-29
MN506267,11007,Brazil: Marica-RJ,Brazil,,2017-05-08
MN506282,11007,Brazil: Marica-RJ,Brazil,,2017-05-08
MN506278,11007,Brazil: Marica-RJ,Brazil,,2017-05-07
MN506280,11007,Brazil: Marica-RJ,Brazil,,2017-05-07
MN506269,11007,Brazil: Marica-RJ,Brazil,,2017-05-06
MN506272,11007,Brazil: Marica-RJ,Brazil,,2017-05-06
MN506274,10719,Brazil: Marica-RJ,Brazil,,2017-05-06
MK089775,10354,Brazil: Marica - RJ,Brazil,Ochlerotatus taeniorhynchus,2017-05-06
MN506268,11007,Brazil: Marica-RJ,Brazil,,2017-05-05
MN506270,11007,Brazil: Marica-RJ,Brazil,,2017-05-05
MN506271,11007,Brazil: Marica-RJ,Brazil,,2017-05-05
MN506273,11007,Brazil: Marica-RJ,Brazil,,2017-05-05
MN506275,11007,Brazil: Marica-RJ,Brazil,,2017-05-05
MN506276,11007,Brazil: Marica-RJ,Brazil,,2017-05-05
MN506277,11007,Brazil: Marica-RJ,Brazil,,2017-05-05
MN506283,11007,Brazil: Marica-RJ,Brazil,,2017-05-05
MN506279,11007,Brazil: Marica-RJ,Brazil,,2017-05-04
MH030088,10169,"Brazil: Sao Paulo, Tuiuti",Brazil,Homo sapiens,2017-05-03
MH030089,10169,"Brazil: Sao Paulo, Sao Joao Boa Vista",Brazil,Homo sapiens,2017-05-03
MH030090,10169,"Brazil: Sao Paulo, Sao Joao Boa Vista",Brazil,Homo sapiens,2017-05-02
MN506281,10859,Brazil: Marica-RJ,Brazil,,2017-04-26
MH030087,10169,"Brazil: Sao Paulo, Americana",Brazil,Homo sapiens,2017-04-26
MF434851,11007,Brazil: Casimiro de Abreu-RJ,Brazil,Homo sapiens,2017-04-25
MH018113,10195,"Brazil: Rio de Janeiro, Casimiro de Abreu",Brazil,Homo sapiens,2017-04-22
MF538785,11007,"Brazil: Araras, Petropolis - RJ",Brazil,marmosets,2017-04-21
MK333803,11007,Brazil: Nova Crixas - GO,Brazil,Alouatta caraya,2017-04-20
MF370548,11007,Brazil,Brazil,Alouatta sp.,2017-04-20
MN643088,11007,Brazil: Macae-RJ,Brazil,Alouatta guariba,2017-04-19
MF423377,11007,Brazil: Carmo - RJ,Brazil,Alouatta guariba clamitans,2017-04-19
MF423378,11007,"Brazil: Santa Fe, Carmo - RJ",Brazil,Alouatta guariba clamitans,2017-04-19
MG550109,11007,"Brazil:Bananal, Marica - RJ",Brazil,Homo sapiens,2017-04-18
MK882614,10169,"Brazil: Carmo, Rio de Janeiro",Brazil,Homo sapiens,2017-04-17
MK882616,10169,"Brazil: Marica, Rio de Janeiro",Brazil,Homo sapiens,2017-04-17
MH018112,10216,"Brazil: Rio de Janeiro, Marica",Brazil,Alouatta sp.,2017-04-17
MF170968,10236,"Brazil: ES, Marechal Floriano",Brazil,Homo sapiens,2017-04-13
MF423376,11007,"Brazil: Macae, Sana - RJ",Brazil,Alouatta guariba clamitans,2017-04-13
MH018111,10195,"Brazil: Espirito Santo, Domingos Martins",Brazil,Homo sapiens,2017-04-10
MF170973,10236,"Brazil: ES, Domingos Martins",Brazil,Homo sapiens,2017-04-10
MN604286,10172,"Brazil: Salvador, Bahia",Brazil,Callithrix penicillata,2017-04-07
MF170979,10236,"Brazil: ES, Santa Maria de Jetiba",Brazil,Homo sapiens,2017-04-06
MN604285,10172,"Brazil: Ichu, Bahia",Brazil,Callithrix penicillata,2017-04-05
MK333801,11007,Brazil: Santa Leopoldina - ES,Brazil,Haemagogus janthinomys,2017-04-05
MK333802,11007,Brazil: Santa Leopoldina - ES,Brazil,Haemagogus leucocelaenus,2017-04-05
MF370544,11007,Brazil,Brazil,Aotus azarai,2017-04-05
MF370545,11008,Brazil,Brazil,Aotus azarai,2017-04-05
MF370546,11004,Brazil,Brazil,Alouatta caraya,2017-04-05
MF170981,10236,"Brazil: ES, Santa Leopoldina",Brazil,Homo sapiens,2017-04-05
MF423375,11007,"Brazil: Macae, Atalaia - RJ",Brazil,Alouatta guariba clamitans,2017-04-04
MF170972,10236,"Brazil: ES, Cariacica",Brazil,Homo sapiens,2017-03-31
MF170974,10236,"Brazil: ES, Cariacica",Brazil,Homo sapiens,2017-03-29
MF170978,10236,"Brazil: ES, Santa Maria de Jetiba",Brazil,Homo sapiens,2017-03-28
MK882613,10172,"Brazil: Sao Sebastiao do Alto, Rio de Janeiro",Brazil,Homo sapiens,2017-03-27
MK882615,10104,"Brazil: Sao Sebastiao do Alto, Rio de Janeiro",Brazil,Homo sapiens,2017-03-27
MF370547,10998,Brazil,Brazil,Alouatta sp.,2017-03-27
MF170980,10236,"Brazil: ES, Alfredo Chaves",Brazil,Homo sapiens,2017-03-23
MF170970,10236,"Brazil: ES, Domingos Martins",Brazil,Homo sapiens,2017-03-21
MK882612,10169,"Brazil: Serra, Espirito Santo",Brazil,Homo sapiens,2017-03-20
MF170969,10236,"Brazil: ES, Casimiro de Abreu",Brazil,Homo sapiens,2017-03-18
MF538783,11007,Brazil: Casimiro de Abreu-RJ,Brazil,Homo sapiens,2017-03-18
MN604287,10166,"Brazil: Cordeiros, Bahia",Brazil,Alouatta,2017-03-17
MN604282,10167,"Brazil: Camacari, Bahia",Brazil,Callithrix,2017-03-16
MF538782,11007,Brazil: Sao Fidelis-RJ,Brazil,Homo sapiens,2017-03-16
MN604283,10167,"Brazil: Salvador, Bahia",Brazil,Callithrix,2017-03-15
MN604284,10172,"Brazil: Pedrao, Bahia",Brazil,Homo sapiens,2017-03-15
MF370542,10898,Brazil,Brazil,Alouatta guariba,2017-03-14
MN604281,10167,"Brazil: Santa Rita de Cassia, Bahia",Brazil,Alouatta,2017-03-13
MK882609,10169,"Brazil: Vitoria, Espirito Santo",Brazil,Homo sapiens,2017-03-13
MK882608,9763,"Brazil: Rio de Janeiro, Rio de Janeiro",Brazil,Homo sapiens,2017-03-12
MN604280,10166,"Brazil: Cordeiros, Bahia",Brazil,Callithrix,2017-03-10
MH018099,10169,"Brazil: Bahia, Cordeiros",Brazil,Primates,2017-03-10
MH018108,10191,"Brazil: Espirito Santo, Cariacica",Brazil,Homo sapiens,2017-03-10
MK882605,9763,"Brazil: Rio de Janeiro, Rio de Janeiro",Brazil,Homo sapiens,2017-03-09
MK882607,10169,"Brazil: Rio de Janeiro, Rio de Janeiro",Brazil,Homo sapiens,2017-03-09
MH018110,10195,"Brazil: Espirito Santo, Cariacica",Brazil,Callithrix sp.,2017-03-09
MK882611,10169,"Brazil: Cariacica, Espirito Santo",Brazil,Homo sapiens,2017-03-08
MH018109,10195,"Brazil: Espirito Santo, Cariacica",Brazil,Alouatta sp.,2017-03-08
MK882606,9763,"Brazil: Campos dos Goytacazes, Rio de Janeiro",Brazil,Homo sapiens,2017-03-07
MK882610,10169,"Brazil: Guarapari, Espirito Santo",Brazil,Homo sapiens,2017-03-06
MK728873,11007,"Brazil: Amorinopolis, GO",Brazil,Homo sapiens,2017-03-04
MF370543,11007,Brazil,Brazil,Alouatta sp.,2017-03-03
MF170975,10236,"Brazil: ES, Brejetuba",Brazil,Homo sapiens,2017-03-03
MF370531,11004,Brazil,Brazil,Homo sapiens,2017-02-28
MF370541,11005,Brazil,Brazil,Alouatta sp.,2017-02-28
MF538784,11007,Brazil: Porciuncula-RJ,Brazil,Homo sapiens,2017-02-26
MF370540,11005,Brazil,Brazil,Alouatta seniculus,2017-02-25
MF370539,11006,Brazil,Brazil,Sapajus libidinosus,2017-02-23
MF185661,6995,"Brazil: RJ, Porciuncula",Brazil,Homo sapiens,2017-02-23
MF423374,11007,"Brazil: Paraju, Domingos Martins - ES",Brazil,Haemagogus janthinomys,2017-02-23
MH018081,10213,"Brazil: Minas Gerais, Aguanil",Brazil,Cebidae,2017-02-22
MH018107,10218,"Brazil: Espirito Santo, Vitoria",Brazil,Homo sapiens,2017-02-22
KY885001,11007,Brazil: Domingos Martins-ES,Brazil,Alouatta guariba clamitans,2017-02-22
MF423373,11007,"Brazil: Paraju, Domingos Martins - ES",Brazil,Haemagogus leucocelaenus,2017-02-21
MK333800,11007,Brazil: Domingos Martins - ES,Brazil,Alouatta guariba clamitans,2017-02-20
MH018082,10213,"Brazil: Minas Gerais, Claraval",Brazil,Callithrix sp.,2017-02-20
KY885000,11007,Brazil: Domingos Martins-ES,Brazil,Alouatta guariba clamitans,2017-02-20
MH018083,10213,"Brazil: Minas Gerais, Abre Campo",Brazil,Alouatta sp.,2017-02-17
MK882604,10169,"Brazil: Brejetuba, Espirito Santo",Brazil,Homo sapiens,2017-02-16
MN117917,10172,Brazil,Brazil,Ochlerotatus scapularis,2017-02-15
MH018064,10213,"Brazil: Minas Gerais, Santa Rita de Caldas",Brazil,Alouatta sp.,2017-02-15
MH018066,10213,"Brazil: Minas Gerais, Ouro Fino",Brazil,Alouatta sp.,2017-02-15
MH484431,9763,"Brazil: Minas Gerais, Juatuba",Brazil,Simiiformes,2017-02-14
MH018065,10213,"Brazil: Minas Gerais, Delfinopolis",Brazil,Cebidae,2017-02-14
MH018067,10213,"Brazil: Minas Gerais, Caldas",Brazil,Cebidae,2017-02-13
MF170977,10236,"Brazil: ES, Conceicao do Castelo",Brazil,Homo sapiens,2017-02-10
MK882599,9763,"Brazil: Itarana, Espirito Santo",Brazil,Homo sapiens,2017-02-09
MH484430,10169,"Brazil: Minas Gerais, Sacramento",Brazil,Callithrix sp.,2017-02-09
MH018084,10213,"Brazil: Minas Gerais, Ladainha",Brazil,Callithrix sp.,2017-02-09
MH484428,10169,"Brazil: Minas Gerais, Teofilo Otoni",Brazil,Homo sapiens,2017-02-05
MH484429,10169,"Brazil: Minas Gerais, Chapada Gaucha",Brazil,Callithrix sp.,2017-02-03
MH484433,9763,"Brazil: Minas Gerais, Sao Roque de Minas",Brazil,Simiiformes,2017-02-03
MK249065,10164,Brazil,Brazil,Homo sapiens,2017-02
MK882602,9763,"Brazil: Domingos Martins, Espirito Santo",Brazil,Homo sapiens,2017-01-31
MH018102,10215,"Brazil: Espirito Santo, Domingos Martins",Brazil,Primates,2017-01-31
MH018091,10213,"Brazil: Minas Gerais, Novo Cruzeiro",Brazil,Homo sapiens,2017-01-30
MH018094,10213,"Brazil: Minas Gerais, Simonesia",Brazil,Homo sapiens,2017-01-30
MH018103,10194,"Brazil: Minas Gerais, Novo Cruzeiro",Brazil,Homo sapiens,2017-01-30
MH018104,10195,"Brazil: Minas Gerais, Itambacuri",Brazil,Homo sapiens,2017-01-30
MF170971,10236,"Brazil: MG, Sao Roque de Minas",Brazil,Platyrrhini,2017-01-30
MH018079,10213,"Brazil: Minas Gerais, Itambacuri",Brazil,Homo sapiens,2017-01-28
MH018080,10213,"Brazil: Minas Gerais, Ladainha",Brazil,Homo sapiens,2017-01-28
MH018105,10194,"Brazil: Minas Gerais, Teofilo Otoni",Brazil,Homo sapiens,2017-01-28
MH484425,10169,"Brazil: Minas Gerais, Teofilo Otoni",Brazil,Homo sapiens,2017-01-27
MH018092,10213,"Brazil: Minas Gerais, Itambacuri",Brazil,Homo sapiens,2017-01-27
MH018071,9925,"Brazil: Minas Gerais, Novo Cruzeiro",Brazil,Homo sapiens,2017-01-25
MH018097,10212,"Brazil: Minas Gerais, Luisburgo",Brazil,Callicebus sp.,2017-01-25
MH018098,10213,"Brazil: Minas Gerais, Chapada Gaucha",Brazil,Cebidae,2017-01-25
MF170976,10236,"Brazil: ES, Laranja da Terra",Brazil,Homo sapiens,2017-01-25
MF185660,7969,"Brazil: RJ, Sao Sebastiao do Alto",Brazil,Platyrrhini,2017-01-25
MK882601,10169,"Brazil: Ibatiba, Espirito Santo",Brazil,Homo sapiens,2017-01-24
MH484423,9475,"Brazil: Minas Gerais, Jose Raydan",Brazil,Callithrix sp.,2017-01-24
MH484424,10169,"Brazil: Minas Gerais, Teofilo Otoni",Brazil,Homo sapiens,2017-01-24
MH484427,10169,"Brazil: Minas Gerais, Felicio dos Santos",Brazil,Callithrix sp.,2017-01-24
MH018114,10233,"Brazil: Espirito Santo, Itarana",Brazil,Primates,2017-01-24
MH018115,10233,"Brazil: Espirito Santo, Venda Nova do Imigrante",Brazil,Primates,2017-01-24
MH666057,10185,Brazil,Brazil,Alouatta sp.,2017-01-23
MH484432,9763,"Brazil: Minas Gerais, Bom Jesus do Galho",Brazil,Alouatta sp.,2017-01-23
MH484434,10169,"Brazil: Minas Gerais, Sao Joao Evangelista",Brazil,Homo sapiens,2017-01-22
MT497525,10172,"Brazil: Sao Paulo, Ribeirao Preto",Brazil,Alouatta sp.,2017-01-21
MH018070,10213,"Brazil: Minas Gerais, Itambacuri",Brazil,Homo sapiens,2017-01-21
MH018088,10213,"Brazil: Minas Gerais, Teofilo Otoni",Brazil,Homo sapiens,2017-01-21
MF370538,11007,Brazil,Brazil,Callithrix penicillata,2017-01-20
MH018073,10213,"Brazil: Minas Gerais, Teofilo Otoni",Brazil,Homo sapiens,2017-01-20
MH018093,10213,"Brazil: Minas Gerais, Santa Barbara Leste",Brazil,Homo sapiens,2017-01-20
MH018076,10213,"Brazil: Minas Gerais, Setubinha",Brazil,Homo sapiens,2017-01-19
MH018086,9519,"Brazil: Minas Gerais, Ladainha",Brazil,Homo sapiens,2017-01-19
MH018095,10213,"Brazil: Minas Gerais, Sabinopolis",Brazil,Callithrix sp.,2017-01-19
MH018075,9519,"Brazil: Minas Gerais, Pote",Brazil,Homo sapiens,2017-01-18
MH018078,10213,"Brazil: Minas Gerais, Novo Cruzeiro",Brazil,Homo sapiens,2017-01-18
MF370537,11007,Brazil,Brazil,Simiiformes,2017-01-17
MF465805,10948,Brazil,Brazil,Homo sapiens,2017-01-17
MK583152,10984,"Brazil: Sao Paulo, Ibiuna",Brazil,Homo sapiens,2017-01-16
MF370530,10885,Brazil,Brazil,Haemagogus janthinomys,2017-01-15
MH018069,9509,"Brazil: Minas Gerais, Ladainha",Brazil,Homo sapiens,2017-01-14
MH018074,10213,"Brazil: Minas Gerais, Novo Cruzeiro",Brazil,Homo sapiens,2017-01-14
MH484426,9758,"Brazil: Minas Gerais, Itamarandiba",Brazil,Simiiformes,2017-01-13
MH018085,10213,"Brazil: Minas Gerais, Imbe de Minas",Brazil,Homo sapiens,2017-01-13
MH018096,10213,"Brazil: Minas Gerais, Jose Raydan",Brazil,Alouatta sp.,2017-01-13
MH018106,10213,"Brazil: Minas Gerais, Coronel Murta",Brazil,Alouatta sp.,2017-01-13
MH018090,10213,"Brazil: Minas Gerais, Caratinga",Brazil,Homo sapiens,2017-01-12
MF370533,10881,Brazil,Brazil,Homo sapiens,2017-01-11
MF370532,11005,Brazil,Brazil,Homo sapiens,2017-01-10
MH018087,10213,"Brazil: Minas Gerais, Teofilo Otoni",Brazil,Homo sapiens,2017-01-10
MH018068,10213,"Brazil: Minas Gerais, Caratinga",Brazil,Homo sapiens,2017-01-09
MH018072,10213,"Brazil: Minas Gerais, Itambacuri",Brazil,Homo sapiens,2017-01-07
MH018077,10213,"Brazil: Minas Gerais, Ladainha",Brazil,Homo sapiens,2017-01-07
MH018089,10213,"Brazil: Minas Gerais, Ladainha",Brazil,Homo sapiens,2017-01-02
MH560359,10780,Brazil,Brazil,Homo sapiens,2017-01
MG922934,10786,Germany,Germany,Homo sapiens,2017
MH378284,10172,Brazil,Brazil,Homo sapiens,2017
MF347613,10212,Suriname,Suriname,Homo sapiens,2017
MH666058,10239,Brazil,Brazil,Sapajus sp.,2016-12-19
MT497524,10172,"Brazil: Sao Paulo, Catigua",Brazil,Alouatta sp.,2016-12-12
MT497523,10172,"Brazil: Sao Paulo, Catanduva",Brazil,Alouatta sp.,2016-11-16
MH666056,10236,Brazil,Brazil,Alouatta sp.,2016-11-16
MT497522,10172,"Brazil: Sao Paulo, Jaboticabal",Brazil,Alouatta sp.,2016-11-15
MW034590,10945,Brazil,Brazil,Alouatta caraya,2016-11-01
MT497521,10172,"Brazil: Sao Paulo, Pindorama",Brazil,Alouatta sp.,2016-10-13
MT497520,10172,"Brazil: Sao Paulo, Potirendaba",Brazil,Sapajus sp.,2016-10-10
MF370536,11007,Brazil,Brazil,Alouatta sp.,2016-09-02
MF370535,10897,Brazil,Brazil,Alouatta sp.,2016-08-30
MF370534,11007,Brazil,Brazil,Callithrix penicillata,2016-04-05
KY873608,10345,China,China,Homo sapiens,2016-03-23
KY873607,10744,China,China,Homo sapiens,2016-03-21
KY587416,10763,China,China,Homo sapiens,2016-03-20
KX027336,10823,China,China,Homo sapiens,2016-03-19
MG589641,10789,China,China,Homo sapiens,2016-03-18
KX010996,10823,China,China,Homo sapiens,2016-03-18
KX010995,10822,China,China,Homo sapiens,2016-03-17
KX982182,10623,Angola,Angola,Homo sapiens,2016-03-16
KY873606,9519,China,China,Homo sapiens,2016-03-14
KY495641,10783,China,China,Homo sapiens,2016-03-11
KX268355,10825,China,China,Homo sapiens,2016-03-11
KX010994,10823,China,China,Homo sapiens,2016-03-11
KU921608,10823,China,China,Homo sapiens,2016-03-10
MH633684,10420,China,China,Homo sapiens,2016
MH633685,10420,China,China,Homo sapiens,2016
MH633686,10420,China,China,Homo sapiens,2016
MH633687,10568,China,China,Homo sapiens,2016
MH633688,10420,China,China,Homo sapiens,2016
MH633689,10243,China,China,Homo sapiens,2016
MH633690,10221,China,China,Homo sapiens,2016
MH633691,10838,China,China,Homo sapiens,2016
MH633692,10310,China,China,Homo sapiens,2016
MF370549,10581,Brazil,Brazil,Simiiformes,2015-08-26
MK333804,11007,Brazil: Novo Brasil - GO,Brazil,Sapajus libidinosus,2015-08-17
MF926243,10195,France,France,Cricetinae,2015
JX949181,10815,USA,USA,,2012-07-03
MW158360,10845,Peru,Peru,Homo sapiens,2011-03
JN620362,10820,Uganda,Uganda,Homo sapiens,2010-10
MW158357,10660,Venezuela,Venezuela,Alouatta seniculus,2010
KM388816,10236,Venezuela: Monagas,Venezuela,Alouatta seniculus,2010
MW158364,10622,Trinidad and Tobago: Trinidad,Trinidad and Tobago,Coquillettidia venezuelensis,2009-01-22
MW158366,10659,Trinidad and Tobago: Trinidad,Trinidad and Tobago,Culex spissipes,2009-01-16
MW158367,10666,Trinidad and Tobago: Trinidad,Trinidad and Tobago,Coquillettidia venezuelensis,2009-01-16
HM582851,10236,Trinidad and Tobago,Trinidad and Tobago,Alouatta seniculus,2009
MW158365,10668,Trinidad and Tobago: Trinidad,Trinidad and Tobago,Mansonia titillans,2008-12-05
KY861728,11008,Brazil: Caibate,Brazil,Alouatta,2008-02-09
GQ379162,10862,Peru,Peru,Homo sapiens,2007-10
GQ379163,10862,Peru,Peru,Homo sapiens,2007-10
MW158356,10668,Venezuela,Venezuela,Alouatta seniculus,2007
KM388815,10236,Venezuela: Apure,Venezuela,Alouatta seniculus,2007
MW158355,10675,Venezuela,Venezuela,Alouatta seniculus,2006
KM388818,10236,Venezuela: Barinas,Venezuela,Alouatta seniculus,2006
MW158351,10671,Venezuela,Venezuela,Alouatta seniculus,2005
MW158352,10763,Venezuela,Venezuela,Alouatta seniculus,2005
MW158353,10677,Venezuela,Venezuela,Homo sapiens,2005
MW158354,10705,Venezuela,Venezuela,Homo sapiens,2005
KM388814,10236,Venezuela: Portuguesa,Venezuela,Homo sapiens,2005
JX898877,10862,Senegal,Senegal,Aedes furcifer,2005
JX898878,10862,Senegal,Senegal,Aedes furcifer,2005
JX898879,10862,Senegal,Senegal,Aedes taylori,2005
JX898880,10862,Senegal,Senegal,Aedes luteocephalus,2005
JX898881,10862,Senegal,Senegal,Aedes luteocephalus,2005
MW158349,10673,Venezuela,Venezuela,Alouatta seniculus,2004
MW158350,10659,Venezuela,Venezuela,Alouatta seniculus,2004
MW158358,10376,Peru,Peru,Homo sapiens,2004
KM388817,10236,Venezuela: Guarico,Venezuela,Alouatta seniculus,2004
DQ118157,10862,Spain,Spain,,2004
MH018101,10169,Brazil: Minas Gerais,Brazil,Homo sapiens,2003-08-15
MH018100,10169,Brazil: Minas Gerais,Brazil,Homo sapiens,2003-03-15
JF912190,10859,Brazil,Brazil,Homo sapiens,2002
MG969501,11007,Brazil: Minas Gerais,Brazil,Homo sapiens,2001-03-07
JX898876,10859,Senegal,Senegal,Aedes furcifer,2001
JF912189,11008,Brazil,Brazil,Haemagogus leucocelaenus,2001
MW158342,10859,Brazil,Brazil,Alouatta sp.,2000-02-07
JX898873,10862,Senegal,Senegal,Aedes furcifer,2000
JX898874,10861,Senegal,Senegal,Aedes taylori,2000
JX898875,10857,Senegal,Senegal,Aedes furcifer,2000
JF912187,11008,Brazil,Brazil,Homo sapiens,2000
JF912188,10817,Brazil,Brazil,Homo sapiens,2000
MF004382,10795,Bolivia,Bolivia,Homo sapiens,1999-01-01
MW158359,10668,Peru,Peru,Homo sapiens,1998-01-20
MW158362,10735,Ecuador,Ecuador,Homo sapiens,1997-07
JX898870,10862,Senegal,Senegal,Aedes furcifer,1996
MW158361,10665,Peru,Peru,Homo sapiens,1995-05-19
MW158348,10448,Trinidad and Tobago: Trinidad,Trinidad and Tobago,Haemagogus,1995
JX898868,10862,Senegal,Senegal,Homo sapiens,1995
JX898871,10859,Senegal,Senegal,Aedes aegypti,1995
JX898872,10859,Senegal,Senegal,Aedes aegypti,1995
JF912186,11004,Brazil,Brazil,Homo sapiens,1994
JF912185,11008,Brazil,Brazil,Sabethes,1992
MW158341,10618,Brazil,Brazil,Alouatta sp.,1991-06-21
MW158347,10666,Trinidad and Tobago: Trinidad,Trinidad and Tobago,Alouatta sp.,1989-02-22
MW158346,10667,Trinidad and Tobago: Trinidad,Trinidad and Tobago,Sabethes chloropterus,1989-01-20
MW158345,10660,Trinidad and Tobago: Trinidad,Trinidad and Tobago,Haemagogus janthinomys,1988-12-14
JF912184,11004,Brazil,Brazil,Homo sapiens,1987
MW158344,10665,Brazil,Brazil,Haemagogus janthinomys,1985-06-16
JF912182,10860,Brazil,Brazil,Homo sapiens,1984
JF912183,10852,Brazil,Brazil,Homo sapiens,1984
JF912181,10795,Brazil,Brazil,Homo sapiens,1983
JF912180,11008,Brazil,Brazil,Homo sapiens,1981
JF912179,10889,Brazil,Brazil,Haemagogus,1980
MK060080,10195,Senegal,Senegal,Homo sapiens,1979-10-30
MW158343,10667,Brazil,Brazil,Haemagogus,1973-02-16
JX898869,10848,Cote d'Ivoire,Cote d'Ivoire,Aedes africanus,1973
MW158340,10780,Brazil,Brazil,Saguinus midas,1968-06-06
MW158363,10838,USA,USA,Homo sapiens,1966
KU978765,10851,Guinea-Bissau,Guinea-Bissau,Homo sapiens,1965-08-23
MW158339,10742,Brazil,Brazil,Cebus sp.,1960-09-23
MW158338,10780,Brazil,Brazil,Simiiformes,1955-01-21
KU978763,10804,Nigeria,Nigeria,Homo sapiens,1946
KU978764,10824,Sudan,Sudan,Homo sapiens,1941-06-06
MZ285906,10832,Senegal,Senegal,Homo sapiens,1927
MF405338,10395,Ghana,Ghana,Homo sapiens,1927
